sim_id,w_r,h_si,doping,S,lambda,length,v_pi_V,v_pi_l_Vmm,loss_at_v_pi_dB_per_cm,C_at_v_pi_pF_per_cm,max_dphi_rad,cost
1,4.93E-07,8.00E-08,3.64E+20,3.11E-07,1.31E-06,9.89E-04,,2.47E+00,8.02E+04,,9.53E-03,2.20E+02
2,4.09E-07,8.00E-08,5.76E+20,1.48E-08,1.31E-06,7.97E-04,,1.99E+00,7.77E+04,,4.36E-03,2.21E+02
3,4.80E-07,8.00E-08,6.95E+20,4.93E-07,1.31E-06,4.72E-04,,1.18E+00,7.61E+04,,2.15E-03,2.21E+02
4,3.83E-07,1.10E-07,8.68E+20,5.07E-07,1.31E-06,8.41E-04,,2.10E+00,7.26E+04,,1.60E-03,2.21E+02
5,4.41E-07,1.10E-07,1.12E+20,1.15E-07,1.31E-06,9.09E-04,,2.27E+00,7.98E+04,,8.90E-01,1.71E+02
6,4.29E-07,1.00E-07,4.18E+20,7.60E-07,1.31E-06,1.38E-04,1.08E+00,1.50E-01,1.06E+02,1.07E+04,1.33E+01,1.66E+01
7,4.63E-07,1.30E-07,5.86E+20,3.56E-07,1.31E-06,3.32E-04,9.44E-01,3.13E-01,4.02E+01,6.72E+03,3.46E+01,2.10E+00
8,4.15E-07,8.00E-08,8.56E+20,8.23E-08,1.31E-06,2.01E-04,,5.03E-01,7.50E+04,,3.77E-03,2.21E+02
9,4.17E-07,1.20E-07,2.64E+20,5.67E-07,1.31E-06,7.15E-04,,1.79E+00,7.41E+04,,7.44E-01,1.78E+02
10,3.77E-07,1.10E-07,6.54E+20,3.83E-07,1.31E-06,1.55E-04,,3.88E-01,7.52E+04,,3.76E-04,2.21E+02
11,4.20E-07,1.20E-07,4.91E+20,6.17E-07,1.31E-06,9.45E-04,,2.36E+00,6.92E+04,,3.36E-01,2.00E+02
12,3.58E-07,8.00E-08,7.73E+20,2.17E-07,1.31E-06,5.94E-04,,1.49E+00,7.63E+04,,2.51E-03,2.21E+02
13,3.53E-07,1.10E-07,8.16E+20,1.48E-07,1.31E-06,7.02E-04,,1.76E+00,7.40E+04,,1.35E-03,2.21E+02
14,4.45E-07,1.10E-07,4.76E+17,1.96E-07,1.31E-06,5.44E-04,,1.36E+00,8.53E+04,,6.17E-01,1.85E+02
15,4.88E-07,1.20E-07,7.23E+20,4.18E-07,1.31E-06,3.74E-04,,9.35E-01,6.59E+04,,2.60E-01,2.05E+02
16,4.99E-07,1.20E-07,4.64E+20,7.70E-07,1.31E-06,5.17E-04,,1.29E+00,6.95E+04,,2.77E-01,2.04E+02
17,3.89E-07,1.00E-07,6.06E+20,2.79E-07,1.31E-06,1.29E-04,1.08E+00,1.39E-01,1.15E+02,7.66E+03,1.23E+01,1.76E+01
18,3.93E-07,8.00E-08,1.36E+20,1.85E-07,1.31E-06,4.20E-04,,1.05E+00,8.41E+04,,4.67E-01,1.93E+02
19,4.32E-07,1.20E-07,9.23E+20,6.86E-08,1.31E-06,4.24E-04,,1.06E+00,7.30E+04,,6.54E-04,2.21E+02
20,4.59E-07,1.10E-07,8.88E+19,4.01E-07,1.31E-06,3.58E-04,1.05E+00,3.75E-01,8.25E+04,1.24E+04,8.18E+01,1.18E+02
21,3.80E-07,1.20E-07,1.75E+20,2.66E-07,1.31E-06,1.84E-04,,4.60E-01,7.69E+04,,1.18E-01,2.13E+02
22,3.87E-07,1.00E-07,2.92E+20,7.08E-07,1.31E-06,2.37E-04,9.87E-01,2.34E-01,5.71E+01,8.45E+03,2.16E+01,4.12E+00
23,4.36E-07,1.00E-07,9.86E+20,6.05E-07,1.31E-06,2.64E-04,9.71E-01,2.56E-01,5.05E+01,6.71E+03,2.75E+01,3.24E+00
24,4.00E-07,1.20E-07,4.46E+20,5.55E-08,1.31E-06,9.22E-04,,2.31E+00,6.96E+04,,1.63E-01,2.10E+02
25,3.75E-07,9.00E-08,4.93E+19,5.58E-07,1.31E-06,2.57E-04,9.84E-01,2.53E-01,5.18E+01,9.91E+03,2.03E+01,3.40E+00
26,4.96E-07,7.00E-08,1.94E+20,3.84E-07,1.31E-06,3.42E-04,9.33E-01,3.19E-01,3.67E+01,5.25E+03,3.18E+01,1.76E+00
27,4.73E-07,9.00E-08,7.52E+19,6.60E-07,1.31E-06,4.84E-04,9.05E-01,4.38E-01,2.49E+01,6.39E+03,4.00E+01,9.25E-01
28,4.65E-07,1.00E-07,5.11E+20,2.88E-07,1.31E-06,1.03E-04,1.14E+00,1.18E-01,1.49E+02,8.59E+03,9.71E+00,2.15E+01
29,4.47E-07,8.00E-08,2.06E+20,1.03E-07,1.31E-06,4.48E-04,2.30E+00,1.03E+00,8.24E+04,5.48E+03,8.39E+01,1.18E+02
30,4.28E-07,1.20E-07,5.26E+20,2.85E-08,1.31E-06,3.93E-04,,9.83E-01,6.89E+04,,4.91E-02,2.18E+02
31,4.56E-07,1.10E-07,8.99E+20,2.56E-07,1.31E-06,9.50E-04,,2.38E+00,7.28E+04,,1.68E-03,2.21E+02
32,3.72E-07,7.00E-08,3.92E+20,4.56E-07,1.31E-06,2.83E-04,9.50E-01,2.69E-01,4.61E+01,4.98E+03,2.96E+01,2.71E+00
33,4.11E-07,8.00E-08,3.54E+20,3.34E-07,1.31E-06,8.88E-04,,2.22E+00,8.03E+04,,9.01E-03,2.20E+02
34,3.53E-07,1.00E-07,9.02E+20,6.36E-07,1.31E-06,3.02E-04,9.66E-01,2.91E-01,4.39E+01,6.28E+03,2.85E+01,2.48E+00
35,4.85E-07,1.10E-07,4.22E+20,4.62E-08,1.31E-06,5.84E-04,,1.46E+00,6.99E+04,,1.43E-01,2.12E+02
36,4.38E-07,8.00E-08,7.59E+20,5.44E-07,1.31E-06,2.09E-04,,5.23E-01,7.62E+04,,9.23E-04,2.21E+02
37,3.67E-07,1.10E-07,8.49E+20,1.04E-07,1.31E-06,9.36E-04,,2.34E+00,7.46E+04,,1.77E-03,2.21E+02
38,3.62E-07,8.00E-08,3.11E+20,7.52E-07,1.31E-06,5.33E-04,,1.33E+00,7.97E+04,,3.05E-02,1.66E+01
39,3.88E-07,1.30E-07,2.84E+20,1.51E-07,1.31E-06,6.19E-04,8.77E-01,5.43E-01,3.02E+01,3.51E+03,5.84E+01,2.21E+02
40,4.86E-07,8.00E-08,7.28E+20,5.21E-07,1.31E-06,8.41E-04,,2.10E+00,7.62E+04,,3.83E-03,2.21E+02
41,4.30E-07,1.00E-07,3.98E+20,7.74E-07,1.31E-06,7.81E-04,8.67E-01,6.77E-01,1.45E+01,3.64E+03,7.46E+01,1.93E+02
42,4.80E-07,8.00E-08,6.95E+20,4.93E-07,1.31E-06,4.72E-04,,1.18E+00,7.61E+04,,2.15E-03,2.21E+02
43,4.41E-07,1.10E-07,1.12E+20,1.15E-07,1.31E-06,9.09E-04,,2.27E+00,7.98E+04,,8.90E-01,1.71E+02
44,4.20E-07,1.20E-07,4.91E+20,6.17E-07,1.31E-06,9.45E-04,,2.36E+00,6.92E+04,,3.36E-01,2.00E+02
45,3.53E-07,1.10E-07,8.16E+20,1.48E-07,1.31E-06,7.02E-04,,1.76E+00,7.40E+04,,1.35E-03,2.21E+02
46,4.99E-07,1.20E-07,4.64E+20,7.70E-07,1.31E-06,5.17E-04,,1.29E+00,6.95E+04,,2.77E-01,2.04E+02
47,3.93E-07,8.00E-08,1.36E+20,1.85E-07,1.31E-06,4.20E-04,,1.05E+00,8.41E+04,,4.67E-01,1.93E+02
48,4.59E-07,1.10E-07,8.88E+19,4.01E-07,1.31E-06,3.58E-04,1.05E+00,3.75E-01,8.25E+04,1.24E+04,8.18E+01,1.18E+02
49,4.96E-07,7.00E-08,1.94E+20,3.84E-07,1.31E-06,3.42E-04,9.33E-01,3.19E-01,3.67E+01,5.25E+03,3.18E+01,1.76E+00
50,4.38E-07,8.00E-08,7.59E+20,5.44E-07,1.31E-06,2.09E-04,,5.23E-01,7.62E+04,,9.23E-04,2.21E+02
51,3.733992e-07,1.200000e-07,7.385972e+20,1.938094e-07,1.310000e-06,6.351647e-04,,1.587912e+00,6.573400e+04,,2.427358e-01,2.000755e+02
52,4.671531e-07,1.000000e-07,9.300765e+18,8.525039e-09,1.310000e-06,7.303725e-04,8.777416e-01,6.410783e-01,1.582220e+01,5.192202e+03,6.075700e+01,6.274852e-01
53,4.828075e-07,8.000000e-08,9.984792e+19,5.500473e-07,1.310000e-06,3.962135e-04,,9.905337e-01,8.499210e+04,,9.683514e-01,1.629012e+02
54,3.672428e-07,1.100000e-07,7.457790e+20,2.448446e-07,1.310000e-06,1.230554e-04,,3.076385e-01,7.586420e+04,,2.456207e-04,2.148697e+02
55,4.622733e-07,1.300000e-07,5.917384e+20,3.537669e-07,1.310000e-06,3.319431e-04,9.435436e-01,3.132028e-01,4.013547e+01,6.695729e+03,3.465979e+01,3.639753e+00
56,3.618735e-07,1.200000e-07,4.414573e+20,3.052933e-07,1.310000e-06,8.989034e-04,,2.247258e+00,6.968272e+04,,2.179639e-01,2.015323e+02
57,4.693273e-07,1.000000e-07,7.608738e+18,1.220020e-08,1.310000e-06,7.342759e-04,8.790163e-01,6.454404e-01,1.565000e+01,5.153794e+03,6.216165e+01,6.161683e-01
58,4.658962e-07,1.300000e-07,5.293756e+20,3.663546e-07,1.310000e-06,3.282169e-04,9.448606e-01,3.101192e-01,4.052531e+01,6.853024e+03,3.384652e+01,3.710205e+00
59,4.716430e-07,1.300000e-07,5.887715e+20,3.795050e-07,1.310000e-06,3.411103e-04,9.419072e-01,3.212942e-01,3.869424e+01,6.763057e+03,3.563872e+01,3.384929e+00
60,3.877791e-07,1.200000e-07,4.178213e+20,6.711953e-07,1.310000e-06,8.713805e-04,,2.178451e+00,6.993064e+04,,4.274263e-01,1.896044e+02
61,4.785068e-07,1.100000e-07,9.112469e+19,4.888997e-07,1.310000e-06,4.036626e-04,,1.009156e+00,8.008890e+04,,8.247640e-01,1.694133e+02
62,4.021300e-07,1.000000e-07,5.151947e+20,4.156513e-08,1.310000e-06,6.060073e-04,8.763555e-01,5.310778e-01,3.135090e+01,2.605247e+03,5.675286e+01,2.255547e+00
63,4.696405e-07,1.000000e-07,1.000000e+17,0.000000e+00,1.310000e-06,7.167057e-04,1.002429e+00,7.184463e-01,1.543895e+01,2.446348e+03,3.463940e+01,6.169632e-01
64,4.689732e-07,1.000000e-07,2.766521e+18,1.074477e-09,1.310000e-06,7.301096e-04,8.932767e-01,6.521900e-01,1.545678e+01,4.594019e+03,6.562620e+01,6.040134e-01
65,4.700081e-07,9.000000e-08,6.735217e+19,6.964708e-07,1.310000e-06,5.116860e-04,8.998121e-01,4.604212e-01,2.345172e+01,6.297704e+03,4.226237e+01,1.270586e+00
66,4.806243e-07,1.100000e-07,2.710910e+20,2.188835e-07,1.310000e-06,5.331266e-04,,1.332817e+00,7.395339e+04,,3.749752e-01,1.925081e+02
67,4.827029e-07,9.000000e-08,9.842480e+20,7.763221e-07,1.310000e-06,3.752142e-04,9.384776e-01,3.521301e-01,3.291450e+01,5.985704e+03,4.099741e+01,2.456944e+00
68,4.729134e-07,9.000000e-08,7.458686e+19,6.781247e-07,1.310000e-06,4.904567e-04,9.037778e-01,4.432638e-01,2.458461e+01,6.376940e+03,4.057765e+01,1.390607e+00
69,4.645555e-07,9.000000e-08,5.593510e+19,6.372966e-07,1.310000e-06,5.205819e-04,8.983186e-01,4.676484e-01,2.300052e+01,6.246762e+03,4.225588e+01,1.224475e+00
70,4.687719e-07,9.000000e-08,5.796327e+19,6.535006e-07,1.310000e-06,4.956122e-04,9.033738e-01,4.477231e-01,2.428594e+01,6.530050e+03,4.040302e+01,1.358387e+00
71,3.640259e-07,8.000000e-08,4.734302e+20,8.539009e-09,1.310000e-06,4.466285e-04,,1.116571e+00,7.555240e+04,,8.341450e-03,2.143566e+02
72,4.719726e-07,9.000000e-08,1.243576e+20,6.427739e-07,1.310000e-06,5.405316e-04,8.926713e-01,4.825171e-01,2.210710e+01,5.261740e+03,4.600173e+01,1.136007e+00
73,3.513596e-07,8.000000e-08,9.206780e+20,4.031750e-07,1.310000e-06,5.587583e-04,,1.396896e+00,7.507004e+04,,9.756938e-03,2.142671e+02
74,3.812446e-07,8.000000e-08,8.029095e+20,4.048834e-07,1.310000e-06,8.718247e-04,,2.179562e+00,7.492601e+04,,1.612106e-02,2.138648e+02
75,4.716223e-07,9.000000e-08,9.279048e+19,6.431137e-07,1.310000e-06,5.114182e-04,8.985888e-01,4.595547e-01,2.349386e+01,5.819921e+03,4.255781e+01,1.274912e+00
76,4.809227e-07,1.000000e-07,1.474276e+20,2.631898e-08,1.310000e-06,2.828569e-04,9.595982e-01,2.714290e-01,4.923321e+01,6.558155e+03,2.222670e+01,5.465307e+00
77,4.601590e-07,9.000000e-08,1.164088e+20,6.817964e-07,1.310000e-06,5.560412e-04,8.904587e-01,4.951318e-01,2.141192e+01,5.255824e+03,4.730278e+01,1.069864e+00
78,4.682144e-07,9.000000e-08,6.328810e+19,6.722991e-07,1.310000e-06,5.978768e-04,8.850720e-01,5.291640e-01,1.971127e+01,5.521510e+03,4.904816e+01,9.179538e-01
79,4.237368e-07,1.100000e-07,6.034772e+20,1.124276e-08,1.310000e-06,1.486478e-04,,3.716194e-01,6.679389e+04,,1.292966e-02,2.140664e+02
80,4.665073e-07,9.000000e-08,8.478676e+19,6.706815e-07,1.310000e-06,5.580213e-04,8.905828e-01,4.969642e-01,2.131450e+01,5.545509e+03,4.638061e+01,1.060782e+00
81,4.438157e-07,1.200000e-07,3.326978e+19,3.369725e-07,1.310000e-06,7.972874e-04,,1.993219e+00,8.313335e+04,,2.330217e+00,1.218458e+02
82,4.644827e-07,9.000000e-08,7.219875e+19,6.738517e-07,1.310000e-06,5.618150e-04,8.903520e-01,5.002131e-01,2.114423e+01,5.677813e+03,4.633243e+01,1.045023e+00
83,4.666409e-07,9.000000e-08,9.215612e+19,6.677833e-07,1.310000e-06,5.646918e-04,8.892992e-01,5.021800e-01,2.103787e+01,5.400945e+03,4.714761e+01,1.035236e+00
84,4.701565e-07,9.000000e-08,1.209714e+20,6.408325e-07,1.310000e-06,4.358847e-04,9.153297e-01,3.989783e-01,2.801546e+01,6.344239e+03,3.698371e+01,1.790820e+00
85,4.761362e-07,7.000000e-08,8.561655e+20,6.227576e-07,1.310000e-06,9.860767e-04,8.484458e-01,8.366326e-01,1.097662e+01,2.265906e+03,1.153870e+02,3.804615e-01
86,4.723613e-07,7.000000e-08,9.057361e+20,6.621318e-07,1.310000e-06,1.000000e-03,8.480092e-01,8.480092e-01,1.078672e+01,2.270003e+03,1.179004e+02,3.741576e-01
87,3.905529e-07,8.000000e-08,8.378348e+20,5.331616e-07,1.310000e-06,4.225545e-04,,1.056386e+00,7.495775e+04,,8.526972e-03,2.143449e+02
88,4.783344e-07,8.000000e-08,6.521245e+20,7.140814e-07,1.310000e-06,9.293743e-04,,2.323436e+00,7.077957e+04,,1.944537e-01,2.029264e+02
89,4.800741e-07,9.000000e-08,6.066760e+19,6.273319e-07,1.310000e-06,4.627506e-04,9.105243e-01,4.213457e-01,2.619525e+01,6.842641e+03,3.765692e+01,1.571670e+00
90,4.674155e-07,9.000000e-08,8.980914e+19,6.837817e-07,1.310000e-06,5.661956e-04,8.892234e-01,5.034744e-01,2.097206e+01,5.453780e+03,4.733724e+01,1.029219e+00
91,4.746977e-07,7.000000e-08,9.300938e+20,6.022528e-07,1.310000e-06,1.000000e-03,8.476818e-01,8.476818e-01,1.078858e+01,2.215958e+03,1.181179e+02,3.741612e-01
92,4.731823e-07,7.000000e-08,8.961706e+20,6.259579e-07,1.310000e-06,1.000000e-03,8.478045e-01,8.478045e-01,1.078773e+01,2.237684e+03,1.176659e+02,3.741524e-01
93,4.691431e-07,9.000000e-08,4.760074e+17,6.582950e-09,1.310000e-06,7.263524e-04,9.428845e-01,6.848665e-01,1.516833e+01,2.907330e+03,5.192648e+01,5.909640e-01
94,4.848184e-07,7.000000e-08,9.200974e+20,6.452604e-07,1.310000e-06,9.800737e-04,8.488960e-01,8.319807e-01,1.105912e+01,2.312360e+03,1.157885e+02,3.833391e-01
95,4.725138e-07,7.000000e-08,8.307967e+20,4.659712e-07,1.310000e-06,6.946815e-04,8.669026e-01,6.022212e-01,1.670060e+01,2.722810e+03,8.065437e+01,6.842146e-01
96,3.559907e-07,9.000000e-08,4.451559e+20,7.525365e-07,1.310000e-06,8.219685e-04,8.669499e-01,7.126056e-01,1.389343e+01,3.200234e+03,7.513972e+01,5.136565e-01
97,3.500000e-07,9.000000e-08,4.169238e+20,7.762809e-07,1.310000e-06,7.905596e-04,8.702399e-01,6.879765e-01,1.454243e+01,3.365174e+03,7.143508e+01,5.497903e-01
98,4.599562e-07,1.000000e-07,6.455958e+20,1.207536e-07,1.310000e-06,7.341276e-04,8.641555e-01,6.344004e-01,1.802376e+01,2.475109e+03,7.085639e+01,7.938108e-01
99,4.675030e-07,7.000000e-08,6.199259e+20,3.830885e-07,1.310000e-06,8.599971e-04,8.536445e-01,7.341318e-01,1.299323e+01,2.233241e+03,9.587243e+01,4.640652e-01
100,3.790612e-07,1.000000e-07,1.610975e+19,2.015350e-08,1.310000e-06,4.740219e-04,9.185854e-01,4.354296e-01,2.588509e+01,7.167010e+03,3.738480e+01,1.537210e+00
101,4.227265e-07,1.200000e-07,4.689109e+20,2.240550e-07,1.310000e-06,4.977746e-04,,1.244437e+00,6.941762e+04,,1.011278e-01,2.085706e+02
102,4.749733e-07,7.000000e-08,9.200411e+20,6.322827e-07,1.310000e-06,9.264426e-04,8.516168e-01,7.889741e-01,1.184972e+01,2.372008e+03,1.093584e+02,4.131984e-01
103,4.693039e-07,9.000000e-08,1.000000e+17,5.121209e-09,1.310000e-06,7.278267e-04,1.004122e+00,7.308266e-01,1.515717e+01,2.129921e+03,3.349358e+01,6.003690e-01
104,4.685584e-07,9.000000e-08,1.000000e+17,1.211952e-08,1.310000e-06,7.219123e-04,1.005973e+00,7.262245e-01,1.530075e+01,2.138835e+03,3.320014e+01,6.091608e-01
105,4.708933e-07,9.000000e-08,6.702901e+19,0.000000e+00,1.310000e-06,7.111323e-04,8.680784e-01,6.173186e-01,1.902401e+01,3.509984e+03,5.318301e+01,8.738479e-01
106,4.776846e-07,7.000000e-08,9.114779e+20,6.344621e-07,1.310000e-06,9.751654e-04,8.490693e-01,8.279830e-01,1.112821e+01,2.295077e+03,1.150087e+02,3.857514e-01
107,4.771722e-07,7.000000e-08,9.078650e+20,6.323643e-07,1.310000e-06,9.889875e-04,8.483762e-01,8.390335e-01,1.093652e+01,2.269197e+03,1.165666e+02,3.791132e-01
108,4.333024e-07,8.000000e-08,7.288027e+20,5.394016e-08,1.310000e-06,7.554037e-04,,1.888509e+00,7.616068e+04,,3.036448e-03,2.146927e+02
109,4.763492e-07,7.000000e-08,9.084481e+20,6.310582e-07,1.310000e-06,9.833061e-04,8.486443e-01,8.344772e-01,1.101477e+01,2.275508e+03,1.159160e+02,3.817867e-01
110,4.587799e-07,1.300000e-07,1.477868e+20,7.786344e-07,1.310000e-06,4.372665e-04,9.213626e-01,4.028810e-01,2.786790e+01,8.349383e+03,7.403632e+00,1.772757e+00
111,4.765791e-07,7.000000e-08,9.083711e+20,6.314797e-07,1.310000e-06,9.855257e-04,8.485410e-01,8.362590e-01,1.098409e+01,2.272546e+03,1.161600e+02,3.807332e-01
112,4.765524e-07,7.000000e-08,9.105067e+20,6.322041e-07,1.310000e-06,9.855909e-04,8.485404e-01,8.363137e-01,1.098317e+01,2.273162e+03,1.162019e+02,3.807018e-01
113,3.697819e-07,8.000000e-08,1.986730e+20,6.085984e-07,1.310000e-06,1.610712e-04,,4.026781e-01,8.265394e+04,,1.607841e-01,2.049424e+02
114,4.764914e-07,7.000000e-08,9.117301e+20,6.325958e-07,1.310000e-06,9.861836e-04,8.485144e-01,8.367910e-01,1.097502e+01,2.272367e+03,1.162960e+02,3.804242e-01
115,4.764682e-07,7.000000e-08,9.113247e+20,6.321799e-07,1.310000e-06,9.862069e-04,8.485103e-01,8.368067e-01,1.097473e+01,2.271897e+03,1.162986e+02,3.804141e-01
116,4.651020e-07,7.000000e-08,7.097374e+20,3.962088e-07,1.310000e-06,8.014925e-04,8.575529e-01,6.873223e-01,1.413512e+01,2.349541e+03,9.099795e+01,5.233679e-01
117,4.764187e-07,7.000000e-08,9.116296e+20,6.320063e-07,1.310000e-06,9.865775e-04,8.484912e-01,8.371023e-01,1.096964e+01,2.270964e+03,1.163449e+02,3.802400e-01
118,4.763933e-07,7.000000e-08,9.117130e+20,6.321864e-07,1.310000e-06,9.867809e-04,8.484823e-01,8.372661e-01,1.096682e+01,2.270718e+03,1.163701e+02,3.801438e-01
119,4.564719e-07,9.000000e-08,2.006302e+20,7.397976e-07,1.310000e-06,6.262225e-04,8.804973e-01,5.513872e-01,1.873229e+01,4.443060e+03,5.674834e+01,8.370266e-01
120,4.763720e-07,7.000000e-08,9.120657e+20,6.318685e-07,1.310000e-06,9.871195e-04,8.484639e-01,8.375352e-01,1.096217e+01,2.269816e+03,1.164144e+02,3.799847e-01
121,4.763682e-07,7.000000e-08,9.121833e+20,6.318922e-07,1.310000e-06,9.873194e-04,8.484550e-01,8.376961e-01,1.095943e+01,2.269451e+03,1.164327e+02,3.798913e-01
122,4.763651e-07,7.000000e-08,9.122752e+20,6.319079e-07,1.310000e-06,9.874996e-04,8.484444e-01,8.378386e-01,1.095696e+01,2.269359e+03,1.164703e+02,3.798072e-01
123,4.763623e-07,7.000000e-08,9.123662e+20,6.319103e-07,1.310000e-06,9.876750e-04,8.484359e-01,8.379790e-01,1.095457e+01,2.269080e+03,1.164941e+02,3.797261e-01
124,4.763598e-07,7.000000e-08,9.124576e+20,6.319048e-07,1.310000e-06,9.878486e-04,8.484275e-01,8.381180e-01,1.095218e+01,2.268772e+03,1.165144e+02,3.796446e-01
125,4.610327e-07,7.000000e-08,6.915597e+20,3.843664e-07,1.310000e-06,8.849468e-04,8.522059e-01,7.541569e-01,1.255295e+01,2.163914e+03,1.000770e+02,4.434147e-01
126,4.633947e-07,7.000000e-08,6.672388e+20,3.559432e-07,1.310000e-06,8.444862e-04,8.544022e-01,7.215308e-01,1.328644e+01,2.213153e+03,9.496480e+01,4.785364e-01
127,4.763025e-07,7.000000e-08,9.126748e+20,6.311693e-07,1.310000e-06,9.883862e-04,8.483987e-01,8.385456e-01,1.094481e+01,2.266907e+03,1.165805e+02,3.793936e-01
128,4.685285e-07,7.000000e-08,8.868274e+20,5.452656e-07,1.310000e-06,9.324495e-04,8.507117e-01,7.932457e-01,1.176180e+01,2.258990e+03,1.093620e+02,4.095836e-01
129,4.688763e-07,9.000000e-08,1.958886e+19,0.000000e+00,1.310000e-06,7.096796e-04,8.735673e-01,6.199529e-01,1.702494e+01,4.644697e+03,5.449219e+01,7.122123e-01
130,4.733871e-07,7.000000e-08,9.037256e+20,5.970622e-07,1.310000e-06,9.699980e-04,8.490995e-01,8.236248e-01,1.120281e+01,2.257993e+03,1.141729e+02,3.883750e-01
131,4.756267e-07,7.000000e-08,9.119519e+20,6.255514e-07,1.310000e-06,9.877644e-04,8.483960e-01,8.380154e-01,1.095351e+01,2.261019e+03,1.164597e+02,3.796831e-01
132,4.756412e-07,7.000000e-08,9.122998e+20,6.255823e-07,1.310000e-06,9.882231e-04,8.483735e-01,8.383823e-01,1.094726e+01,2.260384e+03,1.165219e+02,3.794712e-01
133,4.756551e-07,7.000000e-08,9.124581e+20,6.256640e-07,1.310000e-06,9.885134e-04,8.483600e-01,8.386152e-01,1.094328e+01,2.260006e+03,1.165580e+02,3.793362e-01
134,4.756678e-07,7.000000e-08,9.126239e+20,6.257442e-07,1.310000e-06,9.887965e-04,8.483470e-01,8.388426e-01,1.093940e+01,2.259618e+03,1.165912e+02,3.792051e-01
135,3.826619e-07,1.000000e-07,7.417647e+20,4.930419e-07,1.310000e-06,6.914820e-04,8.727946e-01,6.035217e-01,1.676219e+01,3.107132e+03,6.892621e+01,6.890969e-01
136,4.756913e-07,7.000000e-08,9.125764e+20,6.260193e-07,1.310000e-06,9.891823e-04,8.483287e-01,8.391518e-01,1.093411e+01,2.259492e+03,1.166547e+02,3.790256e-01
137,4.757015e-07,7.000000e-08,9.127568e+20,6.260936e-07,1.310000e-06,9.894546e-04,8.483160e-01,8.393702e-01,1.093039e+01,2.259127e+03,1.166873e+02,3.789000e-01
138,4.986905e-07,1.200000e-07,1.559423e+20,6.264668e-09,1.310000e-06,7.751767e-04,,1.937942e+00,7.856500e+04,,1.004590e+00,1.613235e+02
139,4.757298e-07,7.000000e-08,9.126382e+20,6.263993e-07,1.310000e-06,9.898650e-04,8.483007e-01,8.397031e-01,1.092476e+01,2.258556e+03,1.167232e+02,3.787103e-01
140,4.757408e-07,7.000000e-08,9.127371e+20,6.265021e-07,1.310000e-06,9.901485e-04,8.482877e-01,8.399308e-01,1.092089e+01,2.258244e+03,1.167558e+02,3.785798e-01
141,4.757519e-07,7.000000e-08,9.128067e+20,6.266107e-07,1.310000e-06,9.904213e-04,8.482750e-01,8.401496e-01,1.091715e+01,2.257933e+03,1.167819e+02,3.784536e-01
142,4.757638e-07,7.000000e-08,9.128605e+20,6.267247e-07,1.310000e-06,9.906955e-04,8.482627e-01,8.403701e-01,1.091342e+01,2.257558e+03,1.168159e+02,3.783285e-01
143,4.757757e-07,7.000000e-08,9.129074e+20,6.268410e-07,1.310000e-06,9.909704e-04,8.482481e-01,8.405887e-01,1.090968e+01,2.257476e+03,1.168592e+02,3.782022e-01
144,4.757883e-07,7.000000e-08,9.129481e+20,6.269641e-07,1.310000e-06,9.912528e-04,8.482355e-01,8.408158e-01,1.090582e+01,2.257077e+03,1.168941e+02,3.780722e-01
145,4.613326e-07,7.000000e-08,6.603830e+20,4.020955e-07,1.310000e-06,8.507351e-04,8.543528e-01,7.268279e-01,1.316073e+01,2.252491e+03,9.567822e+01,4.722543e-01
146,4.623340e-07,1.000000e-07,3.407188e+20,1.897964e-07,1.310000e-06,6.883330e-04,8.694602e-01,5.984781e-01,1.757980e+01,3.024752e+03,6.110866e+01,7.513262e-01
147,4.758477e-07,7.000000e-08,9.129682e+20,6.272965e-07,1.310000e-06,9.921392e-04,8.481940e-01,8.415266e-01,1.089377e+01,2.256202e+03,1.170082e+02,3.776679e-01
148,4.758907e-07,7.000000e-08,9.130302e+20,6.274553e-07,1.310000e-06,9.926286e-04,8.481712e-01,8.419190e-01,1.088711e+01,2.255626e+03,1.170695e+02,3.774449e-01
149,4.706149e-07,9.000000e-08,3.734130e+19,2.529595e-08,1.310000e-06,7.478386e-04,8.668243e-01,6.482447e-01,1.657809e+01,3.951592e+03,5.582008e+01,6.840339e-01
150,4.645525e-07,7.000000e-08,8.500328e+20,4.546658e-07,1.310000e-06,8.092801e-04,8.575222e-01,6.939756e-01,1.396273e+01,2.390832e+03,9.419915e+01,5.139055e-01
