sim_id,w_r,h_si,doping,lambda,S,length,v_pi_V,v_pi_l_Vmm,loss_at_v_pi_dB_per_cm,C_at_v_pi_pF_per_cm,max_dphi_rad,is_valid,norm_loss,norm_vpil,cost,charge_time_s,fde_time_s,total_time_s,intrinsic_width_m,loss_min_dB_per_cm,loss_max_dB_per_cm,C_min_pF_per_cm,C_max_pF_per_cm
51,3.73E-07,1.20E-07,7.39E+20,1.31E-06,1.94E-07,6.35E-04,,1.59E+00,6.57E+04,,2.46E-01,FALSE,3.29E+03,1.98E+00,2.05E+02,5.60E+02,9.39E+01,6.72E+02,7.61E-07,6.57E+04,6.57E+04,1.05E+00,8.61E+03
52,4.67E-07,1.00E-07,9.30E+18,1.31E-06,8.53E-09,7.30E-04,8.78E-01,6.41E-01,1.58E+01,5.19E+03,6.08E+01,TRUE,7.91E-01,8.01E-01,6.34E-01,4.37E+02,9.81E+01,5.50E+02,4.84E-07,2.80E-01,4.70E+02,1.20E+00,1.67E+04
53,4.64E-07,1.00E-07,2.64E+20,1.31E-06,4.62E-07,9.02E-04,8.55E-01,7.71E-01,1.23E+01,3.04E+03,7.95E+01,TRUE,6.13E-01,9.64E-01,6.52E-01,4.53E+02,9.39E+01,5.62E+02,1.39E-06,8.69E-03,5.01E+02,7.04E-01,1.06E+04
54,3.67E-07,1.10E-07,7.46E+20,1.31E-06,2.45E-07,1.23E-04,,3.08E-01,7.58E+04,,2.48E-04,FALSE,3.79E+03,3.85E-01,2.21E+02,5.61E+02,9.26E+01,6.69E+02,8.57E-07,7.58E+04,7.58E+04,9.57E-01,8.15E+03
55,4.64E-07,1.00E-07,2.61E+20,1.31E-06,4.59E-07,9.02E-04,8.55E-01,7.71E-01,1.23E+01,3.04E+03,7.93E+01,TRUE,6.13E-01,9.64E-01,6.52E-01,4.81E+02,9.60E+01,5.92E+02,1.38E-06,8.91E-03,5.00E+02,7.06E-01,1.06E+04
56,3.62E-07,1.20E-07,4.41E+20,1.31E-06,3.05E-07,8.99E-04,,2.25E+00,6.97E+04,,2.25E-01,FALSE,3.49E+03,2.81E+00,2.07E+02,5.46E+02,9.40E+01,6.55E+02,9.72E-07,6.97E+04,6.97E+04,9.09E-01,9.62E+03
57,4.70E-07,9.00E-08,1.41E+20,1.31E-06,5.46E-07,7.27E-04,8.68E-01,6.31E-01,1.58E+01,3.85E+03,6.17E+01,TRUE,7.90E-01,7.89E-01,6.23E-01,4.02E+02,9.44E+01,5.12E+02,1.56E-06,3.30E-03,4.79E+02,6.37E-01,1.17E+04
58,4.94E-07,8.00E-08,2.68E+19,1.31E-06,5.08E-07,5.43E-04,,1.36E+00,8.71E+04,,2.41E+00,FALSE,4.35E+03,1.70E+00,1.24E+02,3.54E+02,9.17E+01,4.61E+02,1.51E-06,8.71E+04,8.71E+04,6.31E-01,1.50E+04
59,4.66E-07,1.00E-07,1.04E+20,1.31E-06,5.55E-07,8.08E-04,8.62E-01,6.97E-01,1.39E+01,4.16E+03,6.58E+01,TRUE,6.97E-01,8.71E-01,6.22E-01,4.47E+02,9.60E+01,5.58E+02,1.58E-06,1.72E-03,4.58E+02,6.44E-01,1.35E+04
60,3.88E-07,1.20E-07,4.18E+20,1.31E-06,6.71E-07,8.71E-04,,2.18E+00,6.99E+04,,4.23E-01,FALSE,3.50E+03,2.72E+00,1.95E+02,5.01E+02,9.60E+01,6.12E+02,1.73E-06,6.99E+04,6.99E+04,6.40E-01,1.24E+04
61,4.52E-07,9.00E-08,1.68E+20,1.31E-06,6.91E-07,6.54E-04,8.77E-01,5.73E-01,1.78E+01,4.30E+03,5.77E+01,TRUE,8.92E-01,7.16E-01,6.55E-01,3.88E+02,9.43E+01,4.97E+02,1.83E-06,4.36E-04,5.01E+02,5.76E-01,1.21E+04
62,4.66E-07,1.00E-07,1.87E+20,1.31E-06,6.16E-07,6.94E-04,8.73E-01,6.06E-01,1.66E+01,4.31E+03,6.00E+01,TRUE,8.32E-01,7.58E-01,6.33E-01,4.41E+02,9.69E+01,5.52E+02,1.70E-06,7.79E-04,4.90E+02,6.17E-01,1.24E+04
63,4.61E-07,9.00E-08,1.77E+20,1.31E-06,5.95E-07,7.79E-04,8.63E-01,6.73E-01,1.46E+01,3.56E+03,6.82E+01,TRUE,7.29E-01,8.41E-01,6.19E-01,3.88E+02,9.39E+01,4.96E+02,1.65E-06,1.90E-03,4.97E+02,6.16E-01,1.14E+04
64,4.64E-07,9.00E-08,1.04E+20,1.31E-06,6.58E-07,6.74E-04,8.74E-01,5.89E-01,1.72E+01,4.54E+03,5.66E+01,TRUE,8.62E-01,7.36E-01,6.42E-01,3.84E+02,9.39E+01,4.92E+02,1.78E-06,3.86E-04,4.74E+02,5.85E-01,1.31E+04
65,4.27E-07,9.00E-08,2.27E+19,1.31E-06,7.80E-07,3.79E-04,9.42E-01,3.58E-01,3.26E+01,9.36E+03,3.09E+01,TRUE,1.63E+00,4.47E-01,1.42E+00,4.00E+02,9.39E+01,5.09E+02,1.99E-06,3.44E-05,4.58E+02,5.37E-01,1.73E+04
66,4.81E-07,1.10E-07,2.71E+20,1.31E-06,2.19E-07,5.33E-04,,1.33E+00,7.40E+04,,3.74E-01,FALSE,3.70E+03,1.67E+00,1.98E+02,5.14E+02,9.46E+01,6.24E+02,9.18E-07,7.39E+04,7.40E+04,9.23E-01,9.81E+03
67,4.53E-07,9.00E-08,1.05E+20,1.31E-06,7.08E-07,5.46E-04,8.93E-01,4.87E-01,2.19E+01,5.48E+03,4.62E+01,TRUE,1.09E+00,6.09E-01,7.82E-01,4.10E+02,9.39E+01,5.18E+02,1.87E-06,2.42E-04,4.79E+02,5.67E-01,1.33E+04
68,3.78E-07,7.00E-08,2.12E+20,1.31E-06,7.84E-07,3.07E-04,9.48E-01,2.91E-01,4.18E+01,5.99E+03,3.00E+01,TRUE,2.09E+00,3.64E-01,2.25E+00,3.35E+02,9.20E+01,4.42E+02,1.95E-06,8.37E-06,5.62E+02,5.34E-01,9.73E+03
69,4.38E-07,7.00E-08,9.37E+19,1.31E-06,6.23E-07,1.54E-04,1.05E+00,1.61E-01,9.32E+01,9.78E+03,1.33E+01,TRUE,4.66E+00,2.02E-01,1.52E+01,3.41E+02,9.24E+01,4.48E+02,1.68E-06,2.18E-05,4.91E+02,5.81E-01,1.06E+04
70,4.63E-07,9.00E-08,1.59E+20,1.31E-06,6.22E-07,7.11E-04,8.70E-01,6.18E-01,1.62E+01,3.96E+03,6.18E+01,TRUE,8.11E-01,7.73E-01,6.27E-01,4.13E+02,9.47E+01,5.22E+02,1.71E-06,8.71E-04,4.93E+02,6.02E-01,1.19E+04
71,4.61E-07,9.00E-08,1.20E+20,1.31E-06,6.83E-07,6.73E-04,8.74E-01,5.88E-01,1.73E+01,4.47E+03,5.74E+01,TRUE,8.64E-01,7.35E-01,6.43E-01,4.10E+02,9.47E+01,5.19E+02,1.83E-06,3.31E-04,4.83E+02,5.76E-01,1.29E+04
72,4.59E-07,9.00E-08,1.18E+20,1.31E-06,6.61E-07,6.84E-04,8.73E-01,5.97E-01,1.70E+01,4.37E+03,5.80E+01,TRUE,8.48E-01,7.46E-01,6.38E-01,3.86E+02,9.44E+01,4.95E+02,1.78E-06,4.29E-04,4.80E+02,5.85E-01,1.28E+04
73,3.51E-07,8.00E-08,9.21E+20,1.31E-06,4.03E-07,5.59E-04,,1.40E+00,7.51E+04,,9.60E-03,FALSE,3.75E+03,1.75E+00,2.20E+02,4.54E+02,9.07E+01,5.60E+02,1.16E-06,7.51E+04,7.51E+04,7.55E-01,7.42E+03
74,3.81E-07,8.00E-08,8.03E+20,1.31E-06,4.05E-07,8.72E-04,,2.18E+00,7.49E+04,,1.75E-02,FALSE,3.75E+03,2.72E+00,2.20E+02,4.62E+02,9.18E+01,5.69E+02,1.19E-06,7.49E+04,7.49E+04,7.44E-01,7.64E+03
75,4.61E-07,9.00E-08,1.23E+20,1.31E-06,6.72E-07,6.73E-04,8.74E-01,5.88E-01,1.73E+01,4.43E+03,5.74E+01,TRUE,8.63E-01,7.35E-01,6.43E-01,4.16E+02,9.39E+01,5.25E+02,1.81E-06,3.84E-04,4.83E+02,5.81E-01,1.28E+04
76,4.81E-07,1.00E-07,1.47E+20,1.31E-06,2.63E-08,2.83E-04,9.60E-01,2.71E-01,4.92E+01,6.56E+03,2.22E+01,TRUE,2.46E+00,3.39E-01,3.09E+00,4.91E+02,9.71E+01,6.02E+02,5.34E-07,2.90E+00,4.43E+02,1.20E+00,9.50E+03
77,4.59E-07,9.00E-08,8.96E+19,1.31E-06,7.28E-07,6.50E-04,8.78E-01,5.71E-01,1.79E+01,4.93E+03,5.47E+01,TRUE,8.97E-01,7.13E-01,6.56E-01,4.04E+02,9.39E+01,5.13E+02,1.91E-06,1.90E-04,4.75E+02,5.58E-01,1.39E+04
78,4.59E-07,9.00E-08,9.39E+19,1.31E-06,7.26E-07,6.55E-04,8.77E-01,5.74E-01,1.78E+01,4.86E+03,5.53E+01,TRUE,8.90E-01,7.18E-01,6.54E-01,4.22E+02,9.40E+01,5.30E+02,1.91E-06,1.99E-04,4.77E+02,5.58E-01,1.38E+04
79,4.59E-07,9.00E-08,9.11E+19,1.31E-06,7.35E-07,6.50E-04,8.78E-01,5.70E-01,1.79E+01,4.93E+03,5.48E+01,TRUE,8.97E-01,7.13E-01,6.57E-01,4.12E+02,9.65E+01,5.23E+02,1.93E-06,1.88E-04,4.77E+02,5.55E-01,1.39E+04
80,5.00E-07,7.00E-08,1.35E+20,1.31E-06,1.82E-07,1.00E-04,1.16E+00,1.16E-01,1.53E+02,8.23E+03,8.58E+00,TRUE,7.66E+00,1.45E-01,2.20E+01,3.52E+02,9.25E+01,4.59E+02,8.64E-07,4.11E-02,4.85E+02,8.69E-01,8.26E+03
81,4.44E-07,1.20E-07,3.33E+19,1.31E-06,3.37E-07,7.97E-04,,1.99E+00,8.31E+04,,2.33E+00,FALSE,4.16E+03,2.49E+00,1.25E+02,5.00E+02,9.62E+01,6.10E+02,1.12E-06,8.31E+04,8.31E+04,8.24E-01,1.78E+04
82,4.59E-07,9.00E-08,9.38E+19,1.31E-06,7.41E-07,6.44E-04,8.78E-01,5.66E-01,1.81E+01,4.95E+03,5.45E+01,TRUE,9.06E-01,7.07E-01,6.61E-01,4.03E+02,9.42E+01,5.11E+02,1.94E-06,1.89E-04,4.78E+02,5.53E-01,1.39E+04
83,4.57E-07,9.00E-08,8.61E+19,1.31E-06,7.43E-07,6.56E-04,8.77E-01,5.75E-01,1.78E+01,4.96E+03,5.52E+01,TRUE,8.88E-01,7.19E-01,6.53E-01,4.03E+02,9.40E+01,5.12E+02,1.94E-06,1.73E-04,4.76E+02,5.52E-01,1.42E+04
84,4.55E-07,9.00E-08,8.10E+19,1.31E-06,7.55E-07,6.53E-04,8.78E-01,5.73E-01,1.78E+01,5.04E+03,5.49E+01,TRUE,8.92E-01,7.17E-01,6.54E-01,3.94E+02,9.44E+01,5.03E+02,1.97E-06,1.38E-04,4.75E+02,5.47E-01,1.44E+04
85,4.76E-07,7.00E-08,8.56E+20,1.31E-06,6.23E-07,9.86E-04,8.48E-01,8.37E-01,1.10E+01,2.27E+03,1.15E+02,TRUE,5.49E-01,1.05E+00,6.97E-01,4.01E+02,9.23E+01,5.08E+02,1.72E-06,1.11E-04,6.91E+02,5.85E-01,8.90E+03
86,4.92E-07,7.00E-08,1.00E+21,1.31E-06,8.00E-07,1.00E-03,8.49E-01,8.49E-01,1.08E+01,2.43E+03,1.20E+02,TRUE,5.39E-01,1.06E+00,7.08E-01,4.00E+02,9.26E+01,5.07E+02,2.09E-06,7.01E-06,7.09E+02,5.20E-01,9.75E+03
87,3.91E-07,8.00E-08,8.38E+20,1.31E-06,5.33E-07,4.23E-04,,1.06E+00,7.50E+04,,8.62E-03,FALSE,3.75E+03,1.32E+00,2.20E+02,4.29E+02,9.19E+01,5.36E+02,1.46E-06,7.50E+04,7.50E+04,6.59E-01,8.29E+03
88,4.78E-07,8.00E-08,6.52E+20,1.31E-06,7.14E-07,9.29E-04,,2.32E+00,7.08E+04,,1.93E-01,FALSE,3.54E+03,2.90E+00,2.09E+02,4.22E+02,9.18E+01,5.29E+02,1.91E-06,7.08E+04,7.08E+04,5.59E-01,9.81E+03
89,4.94E-07,7.00E-08,1.00E+21,1.31E-06,5.69E-07,1.00E-03,8.48E-01,8.48E-01,1.08E+01,2.22E+03,1.19E+02,TRUE,5.40E-01,1.06E+00,7.07E-01,4.01E+02,9.27E+01,5.08E+02,1.63E-06,3.57E-04,7.06E+02,6.08E-01,8.86E+03
90,5.00E-07,9.00E-08,1.00E+17,1.31E-06,0.00E+00,7.07E-04,1.01E+00,7.15E-01,1.57E+01,2.18E+03,3.26E+01,TRUE,7.83E-01,8.93E-01,7.06E-01,3.73E+02,9.38E+01,4.81E+02,5.00E-07,2.88E-03,2.38E+02,1.02E+00,5.44E+03
91,4.57E-07,9.00E-08,6.86E+19,1.31E-06,7.48E-07,6.38E-04,8.80E-01,5.61E-01,1.83E+01,5.28E+03,5.31E+01,TRUE,9.16E-01,7.01E-01,6.66E-01,3.92E+02,9.39E+01,5.01E+02,1.95E-06,1.32E-04,4.70E+02,5.49E-01,1.49E+04
92,4.58E-07,1.00E-07,5.72E+19,1.31E-06,7.57E-07,6.28E-04,8.84E-01,5.55E-01,1.86E+01,6.09E+03,5.18E+01,TRUE,9.30E-01,6.94E-01,6.73E-01,4.40E+02,9.63E+01,5.50E+02,1.97E-06,6.51E-05,4.64E+02,5.56E-01,1.66E+04
93,3.90E-07,1.10E-07,1.00E+21,1.31E-06,8.00E-07,1.55E-04,,3.88E-01,7.28E+04,,1.11E-03,FALSE,3.64E+03,4.85E-01,2.21E+02,5.15E+02,9.39E+01,6.23E+02,1.99E-06,7.28E+04,7.28E+04,5.74E-01,1.17E+04
94,4.58E-07,9.00E-08,6.92E+19,1.31E-06,7.43E-07,6.37E-04,8.80E-01,5.61E-01,1.83E+01,5.27E+03,5.31E+01,TRUE,9.17E-01,7.01E-01,6.66E-01,3.86E+02,9.44E+01,4.95E+02,1.94E-06,1.40E-04,4.70E+02,5.51E-01,1.48E+04
95,4.73E-07,7.00E-08,8.31E+20,1.31E-06,4.66E-07,6.95E-04,8.67E-01,6.02E-01,1.67E+01,2.72E+03,8.07E+01,TRUE,8.35E-01,7.53E-01,6.32E-01,3.82E+02,9.23E+01,4.89E+02,1.40E-06,1.74E-03,6.85E+02,6.63E-01,8.22E+03
96,4.65E-07,7.00E-08,1.00E+21,1.31E-06,5.81E-07,8.17E-04,8.58E-01,7.01E-01,1.38E+01,2.51E+03,9.73E+01,TRUE,6.90E-01,8.76E-01,6.22E-01,3.88E+02,9.36E+01,4.97E+02,1.63E-06,3.85E-04,7.05E+02,6.09E-01,8.68E+03
97,4.80E-07,7.00E-08,9.61E+20,1.31E-06,4.49E-07,8.21E-04,8.57E-01,7.03E-01,1.37E+01,2.39E+03,9.71E+01,TRUE,6.86E-01,8.79E-01,6.22E-01,3.94E+02,9.23E+01,5.00E+02,1.38E-06,2.29E-03,7.00E+02,6.74E-01,8.25E+03
98,4.60E-07,1.00E-07,6.46E+20,1.31E-06,1.21E-07,7.34E-04,8.64E-01,6.34E-01,1.80E+01,2.48E+03,7.09E+01,TRUE,9.01E-01,7.93E-01,7.20E-01,5.43E+02,1.00E+02,6.58E+02,7.01E-07,2.32E+00,5.59E+02,1.05E+00,7.42E+03
99,4.85E-07,1.00E-07,1.00E+17,1.31E-06,0.00E+00,7.47E-04,9.93E-01,7.42E-01,1.47E+01,2.41E+03,3.61E+01,TRUE,7.36E-01,9.28E-01,7.01E-01,4.06E+02,9.59E+01,5.17E+02,4.85E-07,2.44E-03,2.52E+02,1.04E+00,6.36E+03
100,3.79E-07,1.00E-07,1.61E+19,1.31E-06,2.02E-08,4.74E-04,9.19E-01,4.35E-01,2.59E+01,7.17E+03,3.74E+01,TRUE,1.29E+00,5.44E-01,9.86E-01,4.58E+02,9.80E+01,5.71E+02,4.19E-07,5.46E-01,4.43E+02,1.26E+00,1.60E+04
101,4.23E-07,1.20E-07,4.69E+20,1.31E-06,2.24E-07,4.98E-04,,1.24E+00,6.94E+04,,1.06E-01,FALSE,3.47E+03,1.56E+00,2.14E+02,5.25E+02,9.39E+01,6.34E+02,8.71E-07,6.94E+04,6.94E+04,9.76E-01,9.40E+03
102,4.73E-07,7.00E-08,1.00E+21,1.31E-06,6.50E-07,1.00E-03,8.48E-01,8.48E-01,1.08E+01,2.25E+03,1.19E+02,TRUE,5.39E-01,1.06E+00,7.07E-01,4.06E+02,9.25E+01,5.13E+02,1.77E-06,9.56E-05,7.06E+02,5.75E-01,9.02E+03
103,4.60E-07,9.00E-08,7.63E+19,1.31E-06,7.17E-07,6.61E-04,8.77E-01,5.79E-01,1.76E+01,4.99E+03,5.50E+01,TRUE,8.80E-01,7.24E-01,6.49E-01,3.80E+02,9.47E+01,4.89E+02,1.89E-06,1.68E-04,4.70E+02,5.61E-01,1.44E+04
104,4.61E-07,9.00E-08,6.91E+19,1.31E-06,7.24E-07,6.62E-04,8.77E-01,5.80E-01,1.76E+01,5.08E+03,5.49E+01,TRUE,8.78E-01,7.25E-01,6.49E-01,3.80E+02,9.47E+01,4.89E+02,1.91E-06,1.51E-04,4.68E+02,5.59E-01,1.47E+04
105,4.85E-07,7.00E-08,9.65E+20,1.31E-06,5.94E-07,8.52E-04,8.56E-01,7.29E-01,1.31E+01,2.50E+03,1.01E+02,TRUE,6.56E-01,9.11E-01,6.30E-01,3.86E+02,9.19E+01,4.93E+02,1.67E-06,2.03E-04,7.02E+02,5.98E-01,8.88E+03
106,4.61E-07,9.00E-08,6.71E+19,1.31E-06,7.25E-07,6.62E-04,8.77E-01,5.80E-01,1.76E+01,5.11E+03,5.49E+01,TRUE,8.79E-01,7.25E-01,6.49E-01,3.90E+02,9.58E+01,5.01E+02,1.91E-06,1.46E-04,4.67E+02,5.56E-01,1.48E+04
107,4.71E-07,7.00E-08,9.18E+20,1.31E-06,5.09E-07,8.40E-04,8.56E-01,7.19E-01,1.34E+01,2.40E+03,9.88E+01,TRUE,6.68E-01,8.98E-01,6.26E-01,3.91E+02,9.37E+01,4.99E+02,1.49E-06,8.53E-04,6.95E+02,6.42E-01,8.41E+03
108,4.33E-07,8.00E-08,7.29E+20,1.31E-06,5.39E-08,7.55E-04,,1.89E+00,7.62E+04,,3.11E-03,FALSE,3.81E+03,2.36E+00,2.21E+02,4.44E+02,9.17E+01,5.51E+02,5.41E-07,7.62E+04,7.62E+04,1.15E+00,6.35E+03
109,4.78E-07,7.00E-08,9.95E+20,1.31E-06,5.10E-07,7.52E-04,8.62E-01,6.49E-01,1.52E+01,2.63E+03,8.95E+01,TRUE,7.61E-01,8.11E-01,6.18E-01,3.88E+02,9.21E+01,4.95E+02,1.50E-06,8.35E-04,7.04E+02,6.39E-01,8.50E+03
110,4.62E-07,9.00E-08,7.07E+19,1.31E-06,7.18E-07,6.66E-04,8.76E-01,5.83E-01,1.75E+01,5.03E+03,5.53E+01,TRUE,8.73E-01,7.29E-01,6.47E-01,3.94E+02,9.40E+01,5.02E+02,1.90E-06,1.56E-04,4.68E+02,5.61E-01,1.46E+04
111,4.62E-07,9.00E-08,6.98E+19,1.31E-06,7.20E-07,6.64E-04,8.76E-01,5.82E-01,1.75E+01,5.05E+03,5.51E+01,TRUE,8.75E-01,7.27E-01,6.48E-01,3.94E+02,9.38E+01,5.02E+02,1.90E-06,1.53E-04,4.68E+02,5.59E-01,1.47E+04
112,4.62E-07,9.00E-08,7.05E+19,1.31E-06,7.19E-07,6.65E-04,8.76E-01,5.83E-01,1.75E+01,5.04E+03,5.52E+01,TRUE,8.74E-01,7.28E-01,6.47E-01,3.90E+02,9.38E+01,4.98E+02,1.90E-06,1.55E-04,4.68E+02,5.60E-01,1.46E+04
113,3.70E-07,8.00E-08,1.99E+20,1.31E-06,6.09E-07,1.61E-04,,4.03E-01,8.27E+04,,1.61E-01,FALSE,4.13E+03,5.03E-01,2.11E+02,3.65E+02,9.17E+01,4.72E+02,1.59E-06,8.27E+04,8.27E+04,6.19E-01,9.82E+03
114,3.79E-07,8.00E-08,5.74E+19,1.31E-06,8.00E-07,5.56E-04,,1.39E+00,8.62E+04,,2.26E+00,FALSE,4.31E+03,1.74E+00,1.26E+02,3.49E+02,9.22E+01,4.55E+02,1.98E-06,8.62E+04,8.62E+04,5.33E-01,1.40E+04
115,4.63E-07,1.00E-07,9.02E+19,1.31E-06,6.85E-07,6.85E-04,8.75E-01,5.99E-01,1.69E+01,5.14E+03,5.66E+01,TRUE,8.44E-01,7.49E-01,6.37E-01,4.44E+02,9.39E+01,5.53E+02,1.83E-06,1.70E-04,4.66E+02,5.84E-01,1.47E+04
116,4.73E-07,9.00E-08,1.00E+17,1.31E-06,0.00E+00,7.22E-04,1.01E+00,7.26E-01,1.53E+01,2.14E+03,3.33E+01,TRUE,7.65E-01,9.08E-01,7.05E-01,3.73E+02,9.38E+01,4.82E+02,4.73E-07,3.40E-03,2.38E+02,1.03E+00,5.39E+03
117,4.65E-07,1.00E-07,1.56E+20,1.31E-06,5.62E-07,7.74E-04,8.65E-01,6.70E-01,1.47E+01,3.98E+03,6.52E+01,TRUE,7.33E-01,8.37E-01,6.19E-01,4.59E+02,9.61E+01,5.69E+02,1.59E-06,2.30E-03,4.75E+02,6.44E-01,1.25E+04
118,4.63E-07,1.00E-07,8.81E+19,1.31E-06,7.02E-07,6.60E-04,8.78E-01,5.80E-01,1.76E+01,5.36E+03,5.47E+01,TRUE,8.80E-01,7.25E-01,6.50E-01,4.50E+02,9.79E+01,5.63E+02,1.87E-06,1.43E-04,4.67E+02,5.77E-01,1.49E+04
119,4.56E-07,9.00E-08,2.01E+20,1.31E-06,7.40E-07,6.26E-04,8.80E-01,5.51E-01,1.87E+01,4.44E+03,5.68E+01,TRUE,9.37E-01,6.89E-01,6.76E-01,3.83E+02,9.47E+01,4.92E+02,1.94E-06,3.77E-04,5.17E+02,5.57E-01,1.20E+04
120,4.66E-07,9.00E-08,1.10E+20,1.31E-06,6.07E-07,7.67E-04,8.65E-01,6.64E-01,1.48E+01,3.96E+03,6.42E+01,TRUE,7.41E-01,8.29E-01,6.19E-01,3.96E+02,9.61E+01,5.07E+02,1.68E-06,8.32E-04,4.72E+02,6.06E-01,1.27E+04
121,4.62E-07,9.00E-08,8.66E+19,1.31E-06,7.05E-07,6.69E-04,8.75E-01,5.85E-01,1.74E+01,4.81E+03,5.60E+01,TRUE,8.69E-01,7.32E-01,6.45E-01,3.90E+02,9.38E+01,4.99E+02,1.87E-06,2.00E-04,4.72E+02,5.66E-01,1.39E+04
122,4.48E-07,1.10E-07,7.13E+20,1.31E-06,4.27E-07,4.62E-04,,1.16E+00,6.59E+04,,3.45E-01,FALSE,3.30E+03,1.44E+00,2.00E+02,5.28E+02,9.45E+01,6.37E+02,1.30E-06,6.59E+04,6.59E+04,7.53E-01,9.81E+03
123,4.62E-07,9.00E-08,8.89E+19,1.31E-06,6.98E-07,6.74E-04,8.75E-01,5.89E-01,1.72E+01,4.74E+03,5.64E+01,TRUE,8.61E-01,7.37E-01,6.42E-01,3.80E+02,9.59E+01,4.91E+02,1.86E-06,2.15E-04,4.72E+02,5.67E-01,1.38E+04
124,4.62E-07,9.00E-08,9.06E+19,1.31E-06,6.95E-07,6.75E-04,8.75E-01,5.90E-01,1.72E+01,4.71E+03,5.66E+01,TRUE,8.59E-01,7.38E-01,6.41E-01,3.78E+02,9.46E+01,4.87E+02,1.85E-06,2.23E-04,4.73E+02,5.69E-01,1.37E+04
125,4.62E-07,9.00E-08,9.26E+19,1.31E-06,6.91E-07,6.78E-04,8.74E-01,5.93E-01,1.71E+01,4.67E+03,5.68E+01,TRUE,8.55E-01,7.41E-01,6.40E-01,3.82E+02,9.58E+01,4.93E+02,1.84E-06,2.36E-04,4.73E+02,5.72E-01,1.36E+04
126,4.62E-07,9.00E-08,9.48E+19,1.31E-06,6.87E-07,6.81E-04,8.74E-01,5.95E-01,1.70E+01,4.63E+03,5.71E+01,TRUE,8.51E-01,7.44E-01,6.39E-01,3.86E+02,9.48E+01,4.95E+02,1.84E-06,2.51E-04,4.74E+02,5.74E-01,1.35E+04
127,4.62E-07,1.00E-07,9.76E+19,1.31E-06,6.81E-07,6.85E-04,8.75E-01,5.99E-01,1.69E+01,5.06E+03,5.68E+01,TRUE,8.44E-01,7.49E-01,6.37E-01,4.28E+02,9.59E+01,5.39E+02,1.82E-06,1.89E-04,4.67E+02,5.84E-01,1.45E+04
128,4.63E-07,1.00E-07,9.30E+19,1.31E-06,6.82E-07,6.86E-04,8.75E-01,6.00E-01,1.68E+01,5.10E+03,5.68E+01,TRUE,8.42E-01,7.50E-01,6.36E-01,4.42E+02,9.39E+01,5.51E+02,1.83E-06,1.81E-04,4.66E+02,5.86E-01,1.46E+04
129,4.65E-07,1.00E-07,1.50E+20,1.31E-06,5.47E-07,7.97E-04,8.63E-01,6.88E-01,1.42E+01,3.90E+03,6.66E+01,TRUE,7.09E-01,8.59E-01,6.21E-01,4.42E+02,9.39E+01,5.51E+02,1.56E-06,2.44E-03,4.72E+02,6.51E-01,1.24E+04
130,4.64E-07,1.00E-07,1.27E+20,1.31E-06,6.00E-07,7.48E-04,8.68E-01,6.49E-01,1.53E+01,4.33E+03,6.22E+01,TRUE,7.64E-01,8.11E-01,6.20E-01,4.48E+02,9.79E+01,5.61E+02,1.66E-06,8.28E-04,4.69E+02,6.23E-01,1.32E+04
131,4.65E-07,9.00E-08,1.35E+20,1.31E-06,5.85E-07,7.58E-04,8.65E-01,6.56E-01,1.51E+01,3.82E+03,6.43E+01,TRUE,7.53E-01,8.19E-01,6.19E-01,3.88E+02,9.37E+01,4.97E+02,1.64E-06,1.80E-03,4.80E+02,6.18E-01,1.20E+04
132,4.64E-07,1.00E-07,9.00E+19,1.31E-06,6.54E-07,7.54E-04,8.68E-01,6.54E-01,1.51E+01,4.70E+03,6.20E+01,TRUE,7.55E-01,8.18E-01,6.20E-01,4.56E+02,9.43E+01,5.65E+02,1.77E-06,2.44E-04,4.63E+02,5.97E-01,1.45E+04
133,4.64E-07,9.00E-08,9.41E+19,1.31E-06,6.48E-07,7.51E-04,8.67E-01,6.51E-01,1.52E+01,4.22E+03,6.26E+01,TRUE,7.60E-01,8.14E-01,6.20E-01,3.90E+02,9.44E+01,4.99E+02,1.76E-06,3.91E-04,4.70E+02,5.89E-01,1.33E+04
134,4.66E-07,1.00E-07,1.18E+20,1.31E-06,6.14E-07,7.61E-04,8.67E-01,6.60E-01,1.50E+01,4.37E+03,6.31E+01,TRUE,7.48E-01,8.25E-01,6.20E-01,4.40E+02,9.85E+01,5.53E+02,1.69E-06,5.19E-04,4.68E+02,6.16E-01,1.35E+04
135,3.83E-07,1.00E-07,7.42E+20,1.31E-06,4.93E-07,6.91E-04,8.73E-01,6.04E-01,1.68E+01,3.11E+03,6.89E+01,TRUE,8.38E-01,7.54E-01,6.36E-01,5.10E+02,1.02E+02,6.28E+02,1.37E-06,2.47E-02,5.77E+02,7.14E-01,8.89E+03
136,3.72E-07,1.00E-07,6.63E+20,1.31E-06,5.79E-07,6.04E-04,8.85E-01,5.35E-01,1.95E+01,3.66E+03,5.98E+01,TRUE,9.75E-01,6.68E-01,6.98E-01,5.07E+02,9.78E+01,6.19E+02,1.53E-06,9.19E-03,5.72E+02,6.67E-01,9.37E+03
137,4.64E-07,1.00E-07,1.18E+20,1.31E-06,6.16E-07,7.50E-04,8.68E-01,6.51E-01,1.52E+01,4.42E+03,6.22E+01,TRUE,7.60E-01,8.14E-01,6.20E-01,4.56E+02,9.62E+01,5.67E+02,1.70E-06,5.10E-04,4.68E+02,6.14E-01,1.35E+04
138,4.99E-07,1.20E-07,1.56E+20,1.31E-06,6.26E-09,7.75E-04,,1.94E+00,7.86E+04,,1.00E+00,FALSE,3.93E+03,2.42E+00,1.66E+02,4.95E+02,1.00E+02,6.09E+02,5.11E-07,7.86E+04,7.86E+04,1.30E+00,1.02E+04
139,4.64E-07,1.00E-07,1.24E+20,1.31E-06,6.08E-07,7.52E-04,8.67E-01,6.52E-01,1.52E+01,4.35E+03,6.25E+01,TRUE,7.59E-01,8.15E-01,6.20E-01,4.46E+02,9.60E+01,5.57E+02,1.68E-06,6.38E-04,4.69E+02,6.19E-01,1.33E+04
140,4.64E-07,1.00E-07,1.27E+20,1.31E-06,6.05E-07,7.52E-04,8.67E-01,6.52E-01,1.52E+01,4.33E+03,6.26E+01,TRUE,7.59E-01,8.15E-01,6.20E-01,4.32E+02,9.60E+01,5.43E+02,1.67E-06,7.06E-04,4.69E+02,6.21E-01,1.33E+04
141,3.69E-07,1.00E-07,9.66E+20,1.31E-06,2.80E-07,6.15E-04,8.78E-01,5.40E-01,2.00E+01,2.85E+03,6.27E+01,TRUE,1.00E+00,6.76E-01,7.29E-01,5.51E+02,9.90E+01,6.65E+02,9.28E-07,8.35E-01,5.92E+02,8.98E-01,7.57E+03
142,3.74E-07,1.00E-07,8.74E+20,1.31E-06,4.47E-07,5.63E-04,8.89E-01,5.01E-01,2.12E+01,3.50E+03,5.71E+01,TRUE,1.06E+00,6.26E-01,7.58E-01,5.50E+02,9.88E+01,6.63E+02,1.27E-06,8.35E-02,5.88E+02,7.48E-01,8.52E+03
143,4.65E-07,1.00E-07,1.33E+20,1.31E-06,5.97E-07,7.52E-04,8.67E-01,6.52E-01,1.52E+01,4.27E+03,6.27E+01,TRUE,7.59E-01,8.15E-01,6.20E-01,4.38E+02,9.64E+01,5.49E+02,1.66E-06,9.32E-04,4.71E+02,6.25E-01,1.31E+04
144,4.65E-07,9.00E-08,1.34E+20,1.31E-06,5.95E-07,7.51E-04,8.66E-01,6.50E-01,1.52E+01,3.86E+03,6.38E+01,TRUE,7.61E-01,8.13E-01,6.20E-01,3.94E+02,9.40E+01,5.03E+02,1.65E-06,1.42E-03,4.81E+02,6.13E-01,1.21E+04
145,4.65E-07,9.00E-08,1.37E+20,1.31E-06,5.93E-07,7.50E-04,8.66E-01,6.49E-01,1.52E+01,3.85E+03,6.38E+01,TRUE,7.62E-01,8.11E-01,6.20E-01,3.80E+02,9.39E+01,4.89E+02,1.65E-06,1.51E-03,4.82E+02,6.14E-01,1.20E+04
146,4.65E-07,9.00E-08,1.37E+20,1.31E-06,5.91E-07,7.51E-04,8.66E-01,6.50E-01,1.52E+01,3.84E+03,6.39E+01,TRUE,7.61E-01,8.13E-01,6.20E-01,3.90E+02,9.38E+01,4.99E+02,1.65E-06,1.60E-03,4.81E+02,6.16E-01,1.20E+04
147,4.65E-07,9.00E-08,1.39E+20,1.31E-06,5.88E-07,7.52E-04,8.66E-01,6.51E-01,1.52E+01,3.83E+03,6.40E+01,TRUE,7.60E-01,8.13E-01,6.20E-01,4.00E+02,9.37E+01,5.09E+02,1.64E-06,1.73E-03,4.82E+02,6.17E-01,1.20E+04
148,4.65E-07,9.00E-08,1.38E+20,1.31E-06,5.87E-07,7.52E-04,8.66E-01,6.51E-01,1.52E+01,3.82E+03,6.40E+01,TRUE,7.60E-01,8.14E-01,6.20E-01,4.00E+02,9.39E+01,5.09E+02,1.64E-06,1.82E-03,4.82E+02,6.18E-01,1.20E+04
149,4.66E-07,1.00E-07,1.40E+20,1.31E-06,5.85E-07,7.52E-04,8.67E-01,6.53E-01,1.52E+01,4.21E+03,6.29E+01,TRUE,7.58E-01,8.16E-01,6.20E-01,4.51E+02,9.81E+01,5.63E+02,1.64E-06,1.29E-03,4.72E+02,6.30E-01,1.29E+04
150,4.65E-07,9.00E-08,1.40E+20,1.31E-06,5.87E-07,7.53E-04,8.66E-01,6.52E-01,1.52E+01,3.81E+03,6.42E+01,TRUE,7.59E-01,8.15E-01,6.20E-01,4.04E+02,9.58E+01,5.15E+02,1.64E-06,1.81E-03,4.83E+02,6.17E-01,1.19E+04
